{"cameraMode":{"drawMode":0,"name":"Shaded","section":"Shading Mode"},"sceneLighting":false,"audioPlay":false,"sceneViewState":{"showFog":true,"showMaterialUpdate":false,"showSkybox":false,"showFlares":true,"showImageEffects":true,"showParticleSystems":true},"in2DMode":false,"pivot":{"x":-0.7879717350006104,"y":-0.12111151218414307,"z":-0.5634534358978272},"rotation":{"x":-0.46041786670684817,"y":0.22736282646656037,"z":-0.12326523661613465,"w":-0.8492136001586914},"size":0.08660255372524262,"orthographic":false}